{
    "AWSEBDockerrunVersion": 2,
    "containerDefinitions": [
      {
        "name": "nodeapp",
        "image": "hellochokchok/backend:latest",
        "essential": true,
        "memoryReservation": 400,
        "links": [
          "rabbitmq"
      ]
      },
      {
          "name": "rabbitmq",
          "image": "rabbitmq",
          "essential": true,
          "memoryReservation": 128
      },
      {
          "name": "start_dependencies",
          "image": "dadarek/wait-for-dependencies",
          "essential": true,
          "memory": 50,
          "links": [
            "rabbitmq"
        ]
      }
    ]
  }